{
  "black_wins": 0,
  "white_wins": 10,
  "draws": 0,
  "total_moves": [
    [
      1,
      1
    ],
    [
      1,
      1
    ],
    [
      1,
      1
    ],
    [
      1,
      1
    ],
    [
      1,
      1
    ],
    [
      1,
      1
    ],
    [
      1,
      1
    ],
    [
      1,
      1
    ],
    [
      1,
      1
    ],
    [
      1,
      1
    ]
  ],
  "white_scores": [
    9,
    9,
    9,
    9,
    9,
    9,
    9,
    9,
    9,
    9
  ],
  "black_scores": [
    0,
    0,
    0,
    0,
    0,
    0,
    0,
    0,
    0,
    0
  ],
  "move_times": {
    "black": [
      1.0607995986938477,
      1.0597195625305176,
      1.0499887466430664,
      1.0739073753356934,
      1.0564916133880615,
      1.067833423614502,
      1.066870927810669,
      1.0531346797943115,
      1.0552310943603516,
      1.067251443862915
    ],
    "white": [
      3.5762786865234375e-06,
      2.86102294921875e-06,
      2.384185791015625e-06,
      2.384185791015625e-06,
      2.384185791015625e-06,
      2.384185791015625e-06,
      2.384185791015625e-06,
      2.6226043701171875e-06,
      2.384185791015625e-06,
      2.86102294921875e-06
    ]
  },
  "move_times_by_position": [
    {
      "move_number": 1,
      "player": "black",
      "time_seconds": 1.0607995986938477,
      "total_discs": 