{
  "black_wins": 0,
  "white_wins": 10,
  "draws": 0,
  "total_moves": [
    [
      30,
      30
    ],
    [
      30,
      30
    ],
    [
      30,
      30
    ],
    [
      30,
      30
    ],
    [
      30,
      30
    ],
    [
      30,
      30
    ],
    [
      30,
      30
    ],
    [
      30,
      30
    ],
    [
      30,
      30
    ],
    [
      30,
      30
    ]
  ],
  "white_scores": [
    41,
    41,
    41,
    41,
    41,
    41,
    41,
    41,
    41,
    41
  ],
  "black_scores": [
    23,
    23,
    23,
    23,
    23,
    23,
    23,
    23,
    23,
    23
  ],
  "move_times": {
    "black": [],
    "white": []
  },
  "memory_usage_mb": [
    0.00572967529296875,
    0.00640106201171875,
    0.00649261474609375,
    0.00658416748046875,
    0.00667572021484375,
    0.00688934326171875,
    0.00698089599609375,
    0.00707244873046875,
    0.00716400146484375,
    0.00749969482421875
  ],
  "config": {
    "agents": [
      [
        "minimax",
        true,
        2
      ],
      [
        "minimax",
        true,
        2
      ]
    ],
    "display": false,
    "num_games": 100
  },
  "num_games": 10,
  "timestamp": "2025-12-02T19:28:17.191429",
  "summary": {
    "black_win_rate": 0.0,
    "white_win_rate": 100.0,
    "draw_rate": 0.0,
    "avg_total_moves": 30.0,
    "avg_white_score": 41.0,
    "avg_black_score": 23.0,
    "avg_white_score_diff": 18.0,
    "total_time_seconds": 16.234856367111206,
    "avg_time_per_game": 1.6234856367111206,
    "avg_memory_usage_mb": 0.00674896240234375,
    "max_memory_usage_mb": 0.00749969482421875,
    "min_memory_usage_mb": 0.00572967529296875,
    "peak_memory_usage_mb": 0.012664794921875
  }
}