{
  "black_wins": 10,
  "white_wins": 0,
  "draws": 0,
  "total_moves": [
    [
      31,
      29
    ],
    [
      30,
      30
    ],
    [
      31,
      29
    ],
    [
      31,
      28
    ],
    [
      30,
      30
    ],
    [
      30,
      30
    ],
    [
      31,
      29
    ],
    [
      30,
      30
    ],
    [
      31,
      29
    ],
    [
      31,
      29
    ]
  ],
  "white_scores": [
    13,
    20,
    8,
    5,
    11,
    21,
    8,
    18,
    7,
    11
  ],
  "black_scores": [
    51,
    44,
    56,
    58,
    53,
    43,
    56,
    46,
    57,
    53
  ],
  "move_times": {
    "black": [],
    "white": []
  },
  "memory_usage_mb": [
    0.00567626953125,
    0.00725555419921875,
    0.00820159912109375,
    0.00823974609375,
    0.00838470458984375,
    0.008544921875,
    0.00858306884765625,
    0.00878143310546875,
    0.00887298583984375,
    0.00920867919921875
  ],
  "config": {
    "agents": [
      [
        "minimax",
        true,
        3
      ],
      [
        "random"
      ]
    ],
    "display": false,
    "num_games": 100
  },
  "num_games": 10,
  "timestamp": "2025-12-02T19:35:50.167927",
  "summary": {
    "black_win_rate": 100.0,
    "white_win_rate": 0.0,
    "draw_rate": 0.0,
    "avg_total_moves": 29.95,
    "avg_white_score": 12.2,
    "avg_black_score": 51.7,
    "avg_white_score_diff": -39.5,
    "total_time_seconds": 61.971264600753784,
    "avg_time_per_game": 6.197126460075379,
    "avg_memory_usage_mb": 0.008174896240234375,
    "max_memory_usage_mb": 0.00920867919921875,
    "min_memory_usage_mb": 0.00567626953125,
    "peak_memory_usage_mb": 0.01526641845703125
  }
}